Name,Age,Nationality,Last Club,Avg Points/Game,Profile URL
Joachim Löw,,N/A,N/A,Joachim Löw,https://www.transfermarkt.com/joachim-low/profil/trainer/495
Telat Üzüm,,N/A,N/A,Telat Üzüm,https://www.transfermarkt.com/telat-uzum/profil/trainer/7589
Erik ten Hag,,N/A,N/A,Erik ten Hag,https://www.transfermarkt.com/erik-ten-hag/profil/trainer/3816
Xavi,,N/A,N/A,Xavi,https://www.transfermarkt.com/xavi/profil/trainer/59876
Walter Mazzarri,,N/A,N/A,Walter Mazzarri,https://www.transfermarkt.com/walter-mazzarri/profil/trainer/1933
Massimiliano Allegri,,N/A,N/A,Massimiliano Allegri,https://www.transfermarkt.com/massimiliano-allegri/profil/trainer/7671
Edin Terzic,,N/A,N/A,Edin Terzic,https://www.transfermarkt.com/edin-terzic/profil/trainer/14226
Nuri Şahin,,N/A,N/A,Nuri Şahin,https://www.transfermarkt.com/nuri-sahin/profil/trainer/96813
Julen Lopetegui,,N/A,N/A,Julen Lopetegui,https://www.transfermarkt.com/julen-lopetegui/profil/trainer/6615
Albert Celades,,N/A,N/A,Albert Celades,https://www.transfermarkt.com/albert-celades/profil/trainer/34279
Kasper Hjulmand,,N/A,N/A,Kasper Hjulmand,https://www.transfermarkt.com/kasper-hjulmand/profil/trainer/5372
Gary O'Neil,,N/A,N/A,Gary O'Neil,https://www.transfermarkt.com/gary-oneil/profil/trainer/82647
Roger Schmidt,,N/A,N/A,Roger Schmidt,https://www.transfermarkt.com/roger-schmidt/profil/trainer/3865
Vítor Bruno,,N/A,N/A,Vítor Bruno,https://www.transfermarkt.com/vitor-bruno/profil/trainer/36963
Sam Allardyce,,N/A,N/A,Sam Allardyce,https://www.transfermarkt.com/sam-allardyce/profil/trainer/445
Dunga,,N/A,N/A,Dunga,https://www.transfermarkt.com/dunga/profil/trainer/3592
Sean Dyche,,N/A,N/A,Sean Dyche,https://www.transfermarkt.com/sean-dyche/profil/trainer/15856
Javi Gracia,,N/A,N/A,Javi Gracia,https://www.transfermarkt.com/javi-gracia/profil/trainer/10254
Brian Priske,,N/A,N/A,Brian Priske,https://www.transfermarkt.com/brian-priske/profil/trainer/19874
Russell Martin,,N/A,N/A,Russell Martin,https://www.transfermarkt.com/russell-martin/profil/trainer/74204
Steve Cooper,,N/A,N/A,Steve Cooper,https://www.transfermarkt.com/steve-cooper/profil/trainer/37574
Ben Futcher,,N/A,N/A,Ben Futcher,https://www.transfermarkt.com/ben-futcher/profil/trainer/32175
Rubén Baraja,,N/A,N/A,Rubén Baraja,https://www.transfermarkt.com/ruben-baraja/profil/trainer/19552
Maurizio Sarri,,N/A,N/A,Maurizio Sarri,https://www.transfermarkt.com/maurizio-sarri/profil/trainer/10073
Vahid Halilhodzic,,N/A,N/A,Vahid Halilhodzic,https://www.transfermarkt.com/vahid-halilhodzic/profil/trainer/1231
Janne Andersson,,N/A,N/A,Janne Andersson,https://www.transfermarkt.com/janne-andersson/profil/trainer/2451
Igor Tudor,,N/A,N/A,Igor Tudor,https://www.transfermarkt.com/igor-tudor/profil/trainer/28632
Lucien Favre,,N/A,N/A,Lucien Favre,https://www.transfermarkt.com/lucien-favre/profil/trainer/535
Pierre Sage,,N/A,N/A,Pierre Sage,https://www.transfermarkt.com/pierre-sage/profil/trainer/110443
Jorge Sampaoli,,N/A,N/A,Jorge Sampaoli,https://www.transfermarkt.com/jorge-sampaoli/profil/trainer/10819
Ljubiša Tumbaković,,N/A,N/A,Ljubiša Tumbaković,https://www.transfermarkt.com/ljubisa-tumbakovic/profil/trainer/4481
Tite,,N/A,N/A,Tite,https://www.transfermarkt.com/tite/profil/trainer/6623
Jaime Lozano,,N/A,N/A,Jaime Lozano,https://www.transfermarkt.com/jaime-lozano/profil/trainer/45986
Julien Stéphan,,N/A,N/A,Julien Stéphan,https://www.transfermarkt.com/julien-stephan/profil/trainer/61003
Pepijn Lijnders,,N/A,N/A,Pepijn Lijnders,https://www.transfermarkt.com/pepijn-lijnders/profil/trainer/23095
Fred Rutten,,N/A,N/A,Fred Rutten,https://www.transfermarkt.com/fred-rutten/profil/trainer/1883
Chris Hughton,,N/A,N/A,Chris Hughton,https://www.transfermarkt.com/chris-hughton/profil/trainer/2654
Quique Sánchez Flores,,N/A,N/A,Quique Sánchez Flores,https://www.transfermarkt.com/quique-sanchez-flores/profil/trainer/1553
Jürgen Klinsmann,,N/A,N/A,Jürgen Klinsmann,https://www.transfermarkt.com/jurgen-klinsmann/profil/trainer/1427
Luís Castro,,N/A,N/A,Luís Castro,https://www.transfermarkt.com/luis-castro/profil/trainer/2063
Djamel Belmadi,,N/A,N/A,Djamel Belmadi,https://www.transfermarkt.com/djamel-belmadi/profil/trainer/14645
Urs Fischer,,N/A,N/A,Urs Fischer,https://www.transfermarkt.com/urs-fischer/profil/trainer/5965
Pacheta,,N/A,N/A,Pacheta,https://www.transfermarkt.com/pacheta/profil/trainer/19446
Sergio Giovagnoli,,N/A,N/A,Sergio Giovagnoli,https://www.transfermarkt.com/sergio-giovagnoli/profil/trainer/100307
Ibrahima Kamara,,N/A,N/A,Ibrahima Kamara,https://www.transfermarkt.com/ibrahima-kamara/profil/trainer/31555
Pellegrino Matarazzo,,N/A,N/A,Pellegrino Matarazzo,https://www.transfermarkt.com/pellegrino-matarazzo/profil/trainer/10906
Seong-hwan Lee,,N/A,N/A,Seong-hwan Lee,https://www.transfermarkt.com/seong-hwan-lee/profil/trainer/74913
Fabio Pecchia,,N/A,N/A,Fabio Pecchia,https://www.transfermarkt.com/fabio-pecchia/profil/trainer/19635
Tomas Galasek,,N/A,N/A,Tomas Galasek,https://www.transfermarkt.com/tomas-galasek/profil/trainer/25286
Rabah Madjer,,N/A,N/A,Rabah Madjer,https://www.transfermarkt.com/rabah-madjer/profil/trainer/21055
Alberto Gilardino,,N/A,N/A,Alberto Gilardino,https://www.transfermarkt.com/alberto-gilardino/profil/trainer/64045
Alex McLeish,,N/A,N/A,Alex McLeish,https://www.transfermarkt.com/alex-mcleish/profil/trainer/645
Davide Ballardini,,N/A,N/A,Davide Ballardini,https://www.transfermarkt.com/davide-ballardini/profil/trainer/3793
Giovanni van Bronckhorst,,N/A,N/A,Giovanni van Bronckhorst,https://www.transfermarkt.com/giovanni-van-bronckhorst/profil/trainer/20014
Gabriele Cioffi,,N/A,N/A,Gabriele Cioffi,https://www.transfermarkt.com/gabriele-cioffi/profil/trainer/31903
Do-hoon Kim,,N/A,N/A,Do-hoon Kim,https://www.transfermarkt.com/do-hoon-kim/profil/trainer/49420
Sung-yong Choi,,N/A,N/A,Sung-yong Choi,https://www.transfermarkt.com/sung-yong-choi/profil/trainer/100920
Hae-seong Jeong,,N/A,N/A,Hae-seong Jeong,https://www.transfermarkt.com/hae-seong-jeong/profil/trainer/18141
Charles Akonnor,,N/A,N/A,Charles Akonnor,https://www.transfermarkt.com/charles-akonnor/profil/trainer/9324
Luka Elsner,,N/A,N/A,Luka Elsner,https://www.transfermarkt.com/luka-elsner/profil/trainer/23576
Bo Svensson,,N/A,N/A,Bo Svensson,https://www.transfermarkt.com/bo-svensson/profil/trainer/35997
Guillermo Barros Schelotto,,N/A,N/A,Guillermo Barros Schelotto,https://www.transfermarkt.com/guillermo-barros-schelotto/profil/trainer/24556
Bruno Labbadia,,N/A,N/A,Bruno Labbadia,https://www.transfermarkt.com/bruno-labbadia/profil/trainer/588
Pierre Aristouy,,N/A,N/A,Pierre Aristouy,https://www.transfermarkt.com/pierre-aristouy/profil/trainer/82583
Rob Page,,N/A,N/A,Rob Page,https://www.transfermarkt.com/rob-page/profil/trainer/20850
Luis Miguel Carrión,,N/A,N/A,Luis Miguel Carrión,https://www.transfermarkt.com/luis-miguel-carrion/profil/trainer/33152
Rafael Benítez,,N/A,N/A,Rafael Benítez,https://www.transfermarkt.com/rafael-benitez/profil/trainer/1522
Alexandre Belinga,,N/A,N/A,Alexandre Belinga,https://www.transfermarkt.com/alexandre-belinga/profil/trainer/43301
Diego Alonso,,N/A,N/A,Diego Alonso,https://www.transfermarkt.com/diego-alonso/profil/trainer/20973
Tayfun Korkut,,N/A,N/A,Tayfun Korkut,https://www.transfermarkt.com/tayfun-korkut/profil/trainer/12668
Mark van Bommel,,N/A,N/A,Mark van Bommel,https://www.transfermarkt.com/mark-van-bommel/profil/trainer/33479
Gabriel Milito,,N/A,N/A,Gabriel Milito,https://www.transfermarkt.com/gabriel-milito/profil/trainer/39953
Steven Davis,,N/A,N/A,Steven Davis,https://www.transfermarkt.com/steven-davis/profil/trainer/121194
Paquito,,N/A,N/A,Paquito,https://www.transfermarkt.com/paquito/profil/trainer/57762
Zoran Mamic,,N/A,N/A,Zoran Mamic,https://www.transfermarkt.com/zoran-mamic/profil/trainer/4835
Ian Hughes,,N/A,N/A,Ian Hughes,https://www.transfermarkt.com/ian-hughes/profil/trainer/35553
Salvatore Bocchetti,,N/A,N/A,Salvatore Bocchetti,https://www.transfermarkt.com/salvatore-bocchetti/profil/trainer/93761
Claude Puel,,N/A,N/A,Claude Puel,https://www.transfermarkt.com/claude-puel/profil/trainer/1240
Antonio Oliveira,,N/A,N/A,Antonio Oliveira,https://www.transfermarkt.com/antonio-oliveira/profil/trainer/52873
Alain Giresse,,N/A,N/A,Alain Giresse,https://www.transfermarkt.com/alain-giresse/profil/trainer/642
Abdullah Avcı,,N/A,N/A,Abdullah Avcı,https://www.transfermarkt.com/abdullah-avci/profil/trainer/5078
Raymond Domenech,,N/A,N/A,Raymond Domenech,https://www.transfermarkt.com/raymond-domenech/profil/trainer/1727
Rob Edwards,,N/A,N/A,Rob Edwards,https://www.transfermarkt.com/rob-edwards/profil/trainer/49800
Renato Gaúcho,,N/A,N/A,Renato Gaúcho,https://www.transfermarkt.com/renato-gaucho/profil/trainer/4728
Fernando Diniz,,N/A,N/A,Fernando Diniz,https://www.transfermarkt.com/fernando-diniz/profil/trainer/41120
Gerardo Martino,,N/A,N/A,Gerardo Martino,https://www.transfermarkt.com/gerardo-martino/profil/trainer/5616
Ante Cacic,,N/A,N/A,Ante Cacic,https://www.transfermarkt.com/ante-cacic/profil/trainer/4303
Eusebio,,N/A,N/A,Eusebio,https://www.transfermarkt.com/eusebio/profil/trainer/818
Juan Muñiz,,N/A,N/A,Juan Muñiz,https://www.transfermarkt.com/juan-muniz/profil/trainer/5177
Luca Gotti,,N/A,N/A,Luca Gotti,https://www.transfermarkt.com/luca-gotti/profil/trainer/7521
Meho Kodro,,N/A,N/A,Meho Kodro,https://www.transfermarkt.com/meho-kodro/profil/trainer/5711
Felix Magath,,N/A,N/A,Felix Magath,https://www.transfermarkt.com/felix-magath/profil/trainer/149
Juan José Borrelli,,N/A,N/A,Juan José Borrelli,https://www.transfermarkt.com/juan-jose-borrelli/profil/trainer/99358
Jocelyn Gourvennec,,N/A,N/A,Jocelyn Gourvennec,https://www.transfermarkt.com/jocelyn-gourvennec/profil/trainer/14011
Luiz Felipe Scolari,,N/A,N/A,Luiz Felipe Scolari,https://www.transfermarkt.com/luiz-felipe-scolari/profil/trainer/1068
Vanderlei Luxemburgo,,N/A,N/A,Vanderlei Luxemburgo,https://www.transfermarkt.com/vanderlei-luxemburgo/profil/trainer/1976
Carlos Mozer,,N/A,N/A,Carlos Mozer,https://www.transfermarkt.com/carlos-mozer/profil/trainer/17429
Luis García,,N/A,N/A,Luis García,https://www.transfermarkt.com/luis-garcia/profil/trainer/6444
Didier Six,,N/A,N/A,Didier Six,https://www.transfermarkt.com/didier-six/profil/trainer/22022
Hugo Ibarra,,N/A,N/A,Hugo Ibarra,https://www.transfermarkt.com/hugo-ibarra/profil/trainer/91302
Faruk Hadzibegic,,N/A,N/A,Faruk Hadzibegic,https://www.transfermarkt.com/faruk-hadzibegic/profil/trainer/1540
Vladimir Fedotov,,N/A,N/A,Vladimir Fedotov,https://www.transfermarkt.com/vladimir-fedotov/profil/trainer/12095
Aurelio Andreazzoli,,N/A,N/A,Aurelio Andreazzoli,https://www.transfermarkt.com/aurelio-andreazzoli/profil/trainer/8646
Slavisa Jokanovic,,N/A,N/A,Slavisa Jokanovic,https://www.transfermarkt.com/slavisa-jokanovic/profil/trainer/5627
Francisco Rodríguez,,N/A,N/A,Francisco Rodríguez,https://www.transfermarkt.com/francisco-rodriguez/profil/trainer/28876
Fabio Liverani,,N/A,N/A,Fabio Liverani,https://www.transfermarkt.com/fabio-liverani/profil/trainer/27554
Philippe Montanier,,N/A,N/A,Philippe Montanier,https://www.transfermarkt.com/philippe-montanier/profil/trainer/5065
José Ramón Sandoval,,N/A,N/A,José Ramón Sandoval,https://www.transfermarkt.com/jose-ramon-sandoval/profil/trainer/14387
Timo Schultz,,N/A,N/A,Timo Schultz,https://www.transfermarkt.com/timo-schultz/profil/trainer/20161
Wouter Vrancken,,N/A,N/A,Wouter Vrancken,https://www.transfermarkt.com/wouter-vrancken/profil/trainer/49546
Tim Walter,,N/A,N/A,Tim Walter,https://www.transfermarkt.com/tim-walter/profil/trainer/30352
Rafael Paiva,,N/A,N/A,Rafael Paiva,https://www.transfermarkt.com/rafael-paiva/profil/trainer/128824
Hein Vanhaezebrouck,,N/A,N/A,Hein Vanhaezebrouck,https://www.transfermarkt.com/hein-vanhaezebrouck/profil/trainer/14472
Jairo Swirsky,,N/A,N/A,Jairo Swirsky,https://www.transfermarkt.com/jairo-swirsky/profil/trainer/55203
Nenad Bjelica,,N/A,N/A,Nenad Bjelica,https://www.transfermarkt.com/nenad-bjelica/profil/trainer/5197
Renato Paiva,,N/A,N/A,Renato Paiva,https://www.transfermarkt.com/renato-paiva/profil/trainer/63611
Thomas von Heesen,,N/A,N/A,Thomas von Heesen,https://www.transfermarkt.com/thomas-von-heesen/profil/trainer/1007
Markos Dimos,,N/A,N/A,Markos Dimos,https://www.transfermarkt.com/markos-dimos/profil/trainer/16614
David Wagner,,N/A,N/A,David Wagner,https://www.transfermarkt.com/david-wagner/profil/trainer/6092
Christian Panucci,,N/A,N/A,Christian Panucci,https://www.transfermarkt.com/christian-panucci/profil/trainer/23364
Takis Lemonis,,N/A,N/A,Takis Lemonis,https://www.transfermarkt.com/takis-lemonis/profil/trainer/1278
Sulejman Mema,,N/A,N/A,Sulejman Mema,https://www.transfermarkt.com/sulejman-mema/profil/trainer/15900
Patrick Rahmen,,N/A,N/A,Patrick Rahmen,https://www.transfermarkt.com/patrick-rahmen/profil/trainer/5857
Robert Barborik,,N/A,N/A,Robert Barborik,https://www.transfermarkt.com/robert-barborik/profil/trainer/19440
Jalel Kadri,,N/A,N/A,Jalel Kadri,https://www.transfermarkt.com/jalel-kadri/profil/trainer/22056
Raphael Wicky,,N/A,N/A,Raphael Wicky,https://www.transfermarkt.com/raphael-wicky/profil/trainer/23140
Valérien Ismaël,,N/A,N/A,Valérien Ismaël,https://www.transfermarkt.com/valerien-ismael/profil/trainer/12871
Peter Zeidler,,N/A,N/A,Peter Zeidler,https://www.transfermarkt.com/peter-zeidler/profil/trainer/472
Robert Siboldi,,N/A,N/A,Robert Siboldi,https://www.transfermarkt.com/robert-siboldi/profil/trainer/5977
Younes Ali,,N/A,N/A,Younes Ali,https://www.transfermarkt.com/younes-ali/profil/trainer/84584
Stéphane Bounguendza,,N/A,N/A,Stéphane Bounguendza,https://www.transfermarkt.com/stephane-bounguendza/profil/trainer/33592
Saad Al-Subaie,,N/A,N/A,Saad Al-Subaie,https://www.transfermarkt.com/saad-al-subaie/profil/trainer/120115
Daniel Sousa,,N/A,N/A,Daniel Sousa,https://www.transfermarkt.com/daniel-sousa/profil/trainer/110336
Laurent Huard,,N/A,N/A,Laurent Huard,https://www.transfermarkt.com/laurent-huard/profil/trainer/18942
Olivier Dall'Oglio,,N/A,N/A,Olivier Dall'Oglio,https://www.transfermarkt.com/olivier-dalloglio/profil/trainer/14547
Montasser Louhichi,,N/A,N/A,Montasser Louhichi,https://www.transfermarkt.com/montasser-louhichi/profil/trainer/54604
Sergio Lugo,,N/A,N/A,Sergio Lugo,https://www.transfermarkt.com/sergio-lugo/profil/trainer/17097
Weiwei Chang,,N/A,N/A,Weiwei Chang,https://www.transfermarkt.com/weiwei-chang/profil/trainer/42393
Cristian Fiél,,N/A,N/A,Cristian Fiél,https://www.transfermarkt.com/cristian-fiel/profil/trainer/40217
Kais Yaakoubi,,N/A,N/A,Kais Yaakoubi,https://www.transfermarkt.com/kais-yaakoubi/profil/trainer/17415
Sergio,,N/A,N/A,Sergio,https://www.transfermarkt.com/sergio/profil/trainer/33241
Leandro Romagnoli,,N/A,N/A,Leandro Romagnoli,https://www.transfermarkt.com/leandro-romagnoli/profil/trainer/90325
Germán Voboril,,N/A,N/A,Germán Voboril,https://www.transfermarkt.com/german-voboril/profil/trainer/134141
Sinisa Segovic,,N/A,N/A,Sinisa Segovic,https://www.transfermarkt.com/sinisa-segovic/profil/trainer/96344
Georgi Dermendzhiev,,N/A,N/A,Georgi Dermendzhiev,https://www.transfermarkt.com/georgi-dermendzhiev/profil/trainer/29454
Joaquín Moreno,,N/A,N/A,Joaquín Moreno,https://www.transfermarkt.com/joaquin-moreno/profil/trainer/27249
Ricardo Ferretti,,N/A,N/A,Ricardo Ferretti,https://www.transfermarkt.com/ricardo-ferretti/profil/trainer/5092
Uwe Neuhaus,,N/A,N/A,Uwe Neuhaus,https://www.transfermarkt.com/uwe-neuhaus/profil/trainer/365
Aykut Kocaman,,N/A,N/A,Aykut Kocaman,https://www.transfermarkt.com/aykut-kocaman/profil/trainer/1061
Armando Evangelista,,N/A,N/A,Armando Evangelista,https://www.transfermarkt.com/armando-evangelista/profil/trainer/28508
Lin Ma,,N/A,N/A,Lin Ma,https://www.transfermarkt.com/lin-ma/profil/trainer/22342
Hernán Crespo,,N/A,N/A,Hernán Crespo,https://www.transfermarkt.com/hernan-crespo/profil/trainer/35676
Erol Bulut,,N/A,N/A,Erol Bulut,https://www.transfermarkt.com/erol-bulut/profil/trainer/40285
Jim Curtin,,N/A,N/A,Jim Curtin,https://www.transfermarkt.com/jim-curtin/profil/trainer/26925
Guillermo Abascal,,N/A,N/A,Guillermo Abascal,https://www.transfermarkt.com/guillermo-abascal/profil/trainer/53943
Nick Cushing,,N/A,N/A,Nick Cushing,https://www.transfermarkt.com/nick-cushing/profil/trainer/76130
Leif Gunnar Smerud,,N/A,N/A,Leif Gunnar Smerud,https://www.transfermarkt.com/leif-gunnar-smerud/profil/trainer/21198
Primoz Gliha,,N/A,N/A,Primoz Gliha,https://www.transfermarkt.com/primoz-gliha/profil/trainer/6607
Peter Luccin,,N/A,N/A,Peter Luccin,https://www.transfermarkt.com/peter-luccin/profil/trainer/73202
Gerard López,,N/A,N/A,Gerard López,https://www.transfermarkt.com/gerard-lopez/profil/trainer/41289
Pál Dárdai,,N/A,N/A,Pál Dárdai,https://www.transfermarkt.com/pal-dardai/profil/trainer/23118
Diego Cocca,,N/A,N/A,Diego Cocca,https://www.transfermarkt.com/diego-cocca/profil/trainer/9585
Mirko Slomka,,N/A,N/A,Mirko Slomka,https://www.transfermarkt.com/mirko-slomka/profil/trainer/697
Mutlu Topçu,,N/A,N/A,Mutlu Topçu,https://www.transfermarkt.com/mutlu-topcu/profil/trainer/2618
Paulo Pezzolano,,N/A,N/A,Paulo Pezzolano,https://www.transfermarkt.com/paulo-pezzolano/profil/trainer/50425
Luke Williams,,N/A,N/A,Luke Williams,https://www.transfermarkt.com/luke-williams/profil/trainer/32169
Eduardo Fentanes,,N/A,N/A,Eduardo Fentanes,https://www.transfermarkt.com/eduardo-fentanes/profil/trainer/15334
Juan Reynoso,,N/A,N/A,Juan Reynoso,https://www.transfermarkt.com/juan-reynoso/profil/trainer/9499
Gary Smith,,N/A,N/A,Gary Smith,https://www.transfermarkt.com/gary-smith/profil/trainer/7930
David Linarès,,N/A,N/A,David Linarès,https://www.transfermarkt.com/david-linares/profil/trainer/65906
Thomas Darazs,,N/A,N/A,Thomas Darazs,https://www.transfermarkt.com/thomas-darazs/profil/trainer/19851
Ladislau Bölöni,,N/A,N/A,Ladislau Bölöni,https://www.transfermarkt.com/ladislau-boloni/profil/trainer/1227
Vanni Sartini,,N/A,N/A,Vanni Sartini,https://www.transfermarkt.com/vanni-sartini/profil/trainer/95717
Josh Wolff,,N/A,N/A,Josh Wolff,https://www.transfermarkt.com/josh-wolff/profil/trainer/26914
Djibril Dramé,,N/A,N/A,Djibril Dramé,https://www.transfermarkt.com/djibril-drame/profil/trainer/33593
John Hackworth,,N/A,N/A,John Hackworth,https://www.transfermarkt.com/john-hackworth/profil/trainer/24421
Giovanni Savarese,,N/A,N/A,Giovanni Savarese,https://www.transfermarkt.com/giovanni-savarese/profil/trainer/20332
Jaroslav Hrebik,,N/A,N/A,Jaroslav Hrebik,https://www.transfermarkt.com/jaroslav-hrebik/profil/trainer/2085
Marcel Keizer,,N/A,N/A,Marcel Keizer,https://www.transfermarkt.com/marcel-keizer/profil/trainer/23940
Levent Sürme,,N/A,N/A,Levent Sürme,https://www.transfermarkt.com/levent-surme/profil/trainer/41165
Petar Vasiljevic,,N/A,N/A,Petar Vasiljevic,https://www.transfermarkt.com/petar-vasiljevic/profil/trainer/50914
Andrea Pirlo,,N/A,N/A,Andrea Pirlo,https://www.transfermarkt.com/andrea-pirlo/profil/trainer/62049
Foeke Booy,,N/A,N/A,Foeke Booy,https://www.transfermarkt.com/foeke-booy/profil/trainer/510
Arif Erdem,,N/A,N/A,Arif Erdem,https://www.transfermarkt.com/arif-erdem/profil/trainer/5079
Hernán Cristante,,N/A,N/A,Hernán Cristante,https://www.transfermarkt.com/hernan-cristante/profil/trainer/45455
Steven Gerrard,,N/A,N/A,Steven Gerrard,https://www.transfermarkt.com/steven-gerrard/profil/trainer/51276
Wayne Rooney,,N/A,N/A,Wayne Rooney,https://www.transfermarkt.com/wayne-rooney/profil/trainer/86680
Ryan Lowe,,N/A,N/A,Ryan Lowe,https://www.transfermarkt.com/ryan-lowe/profil/trainer/57137
Patrice Neveu,,N/A,N/A,Patrice Neveu,https://www.transfermarkt.com/patrice-neveu/profil/trainer/4156
Zeljko Sopic,,N/A,N/A,Zeljko Sopic,https://www.transfermarkt.com/zeljko-sopic/profil/trainer/36250
Raúl Wensel,,N/A,N/A,Raúl Wensel,https://www.transfermarkt.com/raul-wensel/profil/trainer/23237
Adrian Heath,,N/A,N/A,Adrian Heath,https://www.transfermarkt.com/adrian-heath/profil/trainer/3099
Rui Faria,,N/A,N/A,Rui Faria,https://www.transfermarkt.com/rui-faria/profil/trainer/1693
Eugenio Corini,,N/A,N/A,Eugenio Corini,https://www.transfermarkt.com/eugenio-corini/profil/trainer/14577
Ignacio Ambriz,,N/A,N/A,Ignacio Ambriz,https://www.transfermarkt.com/ignacio-ambriz/profil/trainer/12323
Mounir Lehbab,,N/A,N/A,Mounir Lehbab,https://www.transfermarkt.com/mounir-lehbab/profil/trainer/116766
Adrian Bumbescu,,N/A,N/A,Adrian Bumbescu,https://www.transfermarkt.com/adrian-bumbescu/profil/trainer/28967
Víctor Fernández,,N/A,N/A,Víctor Fernández,https://www.transfermarkt.com/victor-fernandez/profil/trainer/641
Matías Lequi,,N/A,N/A,Matías Lequi,https://www.transfermarkt.com/matias-lequi/profil/trainer/126784
Albert Nadj,,N/A,N/A,Albert Nadj,https://www.transfermarkt.com/albert-nadj/profil/trainer/29092
Igor Duljaj,,N/A,N/A,Igor Duljaj,https://www.transfermarkt.com/igor-duljaj/profil/trainer/41107
Paulo Turra,,N/A,N/A,Paulo Turra,https://www.transfermarkt.com/paulo-turra/profil/trainer/50891
Vedat İnceefe,,N/A,N/A,Vedat İnceefe,https://www.transfermarkt.com/vedat-inceefe/profil/trainer/17790
Billy Davies,,N/A,N/A,Billy Davies,https://www.transfermarkt.com/billy-davies/profil/trainer/1718
Paul Ince,,N/A,N/A,Paul Ince,https://www.transfermarkt.com/paul-ince/profil/trainer/4230
Tony Pulis,,N/A,N/A,Tony Pulis,https://www.transfermarkt.com/tony-pulis/profil/trainer/617
Mick McCarthy,,N/A,N/A,Mick McCarthy,https://www.transfermarkt.com/mick-mccarthy/profil/trainer/599
Walter Erviti,,N/A,N/A,Walter Erviti,https://www.transfermarkt.com/walter-erviti/profil/trainer/79822
Bernd Schuster,,N/A,N/A,Bernd Schuster,https://www.transfermarkt.com/bernd-schuster/profil/trainer/555
Daniel Brailovsky,,N/A,N/A,Daniel Brailovsky,https://www.transfermarkt.com/daniel-brailovsky/profil/trainer/5576
Aljosa Asanovic,,N/A,N/A,Aljosa Asanovic,https://www.transfermarkt.com/aljosa-asanovic/profil/trainer/9587
Beston Chambeshi,,N/A,N/A,Beston Chambeshi,https://www.transfermarkt.com/beston-chambeshi/profil/trainer/23401
Klavs Rasmussen,,N/A,N/A,Klavs Rasmussen,https://www.transfermarkt.com/klavs-rasmussen/profil/trainer/23263
Claude Le Roy,,N/A,N/A,Claude Le Roy,https://www.transfermarkt.com/claude-le-roy/profil/trainer/3868
Rob Valentino,,N/A,N/A,Rob Valentino,https://www.transfermarkt.com/rob-valentino/profil/trainer/53981
Jorge Bava,,N/A,N/A,Jorge Bava,https://www.transfermarkt.com/jorge-bava/profil/trainer/93501
Alan Curbishley,,N/A,N/A,Alan Curbishley,https://www.transfermarkt.com/alan-curbishley/profil/trainer/998
Heiko Vogel,,N/A,N/A,Heiko Vogel,https://www.transfermarkt.com/heiko-vogel/profil/trainer/5973
Manqoba Mngqithi,,N/A,N/A,Manqoba Mngqithi,https://www.transfermarkt.com/manqoba-mngqithi/profil/trainer/10010
Ljubinko Drulovic,,N/A,N/A,Ljubinko Drulovic,https://www.transfermarkt.com/ljubinko-drulovic/profil/trainer/6270
Paco López,,N/A,N/A,Paco López,https://www.transfermarkt.com/paco-lopez/profil/trainer/8115
Fernando Quirarte,,N/A,N/A,Fernando Quirarte,https://www.transfermarkt.com/fernando-quirarte/profil/trainer/21435
Gabriel Heinze,,N/A,N/A,Gabriel Heinze,https://www.transfermarkt.com/gabriel-heinze/profil/trainer/41111
Andrea Sottil,,N/A,N/A,Andrea Sottil,https://www.transfermarkt.com/andrea-sottil/profil/trainer/19718
Nigel Pearson,,N/A,N/A,Nigel Pearson,https://www.transfermarkt.com/nigel-pearson/profil/trainer/2676
Mahmoud Saleh,,N/A,N/A,Mahmoud Saleh,https://www.transfermarkt.com/mahmoud-saleh/profil/trainer/32862
Daniel Cousin,,N/A,N/A,Daniel Cousin,https://www.transfermarkt.com/daniel-cousin/profil/trainer/63637
Leonard Strizu,,N/A,N/A,Leonard Strizu,https://www.transfermarkt.com/leonard-strizu/profil/trainer/96110
Markus Gisdol,,N/A,N/A,Markus Gisdol,https://www.transfermarkt.com/markus-gisdol/profil/trainer/4849
Zdenek Scasny,,N/A,N/A,Zdenek Scasny,https://www.transfermarkt.com/zdenek-scasny/profil/trainer/1636
Aleksandar Stanojevic,,N/A,N/A,Aleksandar Stanojevic,https://www.transfermarkt.com/aleksandar-stanojevic/profil/trainer/4183
Mariusz Rumak,,N/A,N/A,Mariusz Rumak,https://www.transfermarkt.com/mariusz-rumak/profil/trainer/23173
Juan Cruz Real,,N/A,N/A,Juan Cruz Real,https://www.transfermarkt.com/juan-cruz-real/profil/trainer/42734
Dejan Petkovic,,N/A,N/A,Dejan Petkovic,https://www.transfermarkt.com/dejan-petkovic/profil/trainer/40746
Hugo Sánchez,,N/A,N/A,Hugo Sánchez,https://www.transfermarkt.com/hugo-sanchez/profil/trainer/2669
José Néstor Pekerman,,N/A,N/A,José Néstor Pekerman,https://www.transfermarkt.com/jose-nestor-pekerman/profil/trainer/2541
Zoran Barisic,,N/A,N/A,Zoran Barisic,https://www.transfermarkt.com/zoran-barisic/profil/trainer/3773
Michal Bilek,,N/A,N/A,Michal Bilek,https://www.transfermarkt.com/michal-bilek/profil/trainer/2856
Cevat Güler,,N/A,N/A,Cevat Güler,https://www.transfermarkt.com/cevat-guler/profil/trainer/4710
Mauricio Larriera,,N/A,N/A,Mauricio Larriera,https://www.transfermarkt.com/mauricio-larriera/profil/trainer/22713
Cristian Vella,,N/A,N/A,Cristian Vella,https://www.transfermarkt.com/cristian-vella/profil/trainer/109039
Claudio Vivas,,N/A,N/A,Claudio Vivas,https://www.transfermarkt.com/claudio-vivas/profil/trainer/8814
Vincenzo Vivarini,,N/A,N/A,Vincenzo Vivarini,https://www.transfermarkt.com/vincenzo-vivarini/profil/trainer/10050
Alan Pardew,,N/A,N/A,Alan Pardew,https://www.transfermarkt.com/alan-pardew/profil/trainer/1988
Rafael Puente,,N/A,N/A,Rafael Puente,https://www.transfermarkt.com/rafael-puente/profil/trainer/50968
Yeray Rodriguez,,N/A,N/A,Yeray Rodriguez,https://www.transfermarkt.com/yeray-rodriguez/profil/trainer/120403
Beto,,N/A,N/A,Beto,https://www.transfermarkt.com/beto/profil/trainer/33884
Guti,,N/A,N/A,Guti,https://www.transfermarkt.com/guti/profil/trainer/30783
Rodolfo Arruabarrena,,N/A,N/A,Rodolfo Arruabarrena,https://www.transfermarkt.com/rodolfo-arruabarrena/profil/trainer/17428
Ignacio Ruvalcaba,,N/A,N/A,Ignacio Ruvalcaba,https://www.transfermarkt.com/ignacio-ruvalcaba/profil/trainer/83818
Ian Foster,,N/A,N/A,Ian Foster,https://www.transfermarkt.com/ian-foster/profil/trainer/9456
Mladen Krstajic,,N/A,N/A,Mladen Krstajic,https://www.transfermarkt.com/mladen-krstajic/profil/trainer/19459
Ricardo Lunari,,N/A,N/A,Ricardo Lunari,https://www.transfermarkt.com/ricardo-lunari/profil/trainer/22601
Sebastián Méndez,,N/A,N/A,Sebastián Méndez,https://www.transfermarkt.com/sebastian-mendez/profil/trainer/13505
José Manuel de la Torre,,N/A,N/A,José Manuel de la Torre,https://www.transfermarkt.com/jose-manuel-de-la-torre/profil/trainer/5108
Mario Carrillo,,N/A,N/A,Mario Carrillo,https://www.transfermarkt.com/mario-carrillo/profil/trainer/7690
Victor Pițurcă,,N/A,N/A,Victor Pițurcă,https://www.transfermarkt.com/victor-piturca/profil/trainer/3702
Paul Le Guen,,N/A,N/A,Paul Le Guen,https://www.transfermarkt.com/paul-le-guen/profil/trainer/1234
Alberto Aquilani,,N/A,N/A,Alberto Aquilani,https://www.transfermarkt.com/alberto-aquilani/profil/trainer/72911
Bob de Klerk,,N/A,N/A,Bob de Klerk,https://www.transfermarkt.com/bob-de-klerk/profil/trainer/30258
Frank de Boer,,N/A,N/A,Frank de Boer,https://www.transfermarkt.com/frank-de-boer/profil/trainer/8371
Dennis van Wijk,,N/A,N/A,Dennis van Wijk,https://www.transfermarkt.com/dennis-van-wijk/profil/trainer/1327
Cosmin Contra,,N/A,N/A,Cosmin Contra,https://www.transfermarkt.com/cosmin-contra/profil/trainer/16059
Laurenţiu Roşu,,N/A,N/A,Laurenţiu Roşu,https://www.transfermarkt.com/laurentiu-rosu/profil/trainer/14568
John Herdman,,N/A,N/A,John Herdman,https://www.transfermarkt.com/john-herdman/profil/trainer/58420
Marcelo Saralegui,,N/A,N/A,Marcelo Saralegui,https://www.transfermarkt.com/marcelo-saralegui/profil/trainer/34954
Olivier Guégan,,N/A,N/A,Olivier Guégan,https://www.transfermarkt.com/olivier-guegan/profil/trainer/24083
Yves Vanderhaeghe,,N/A,N/A,Yves Vanderhaeghe,https://www.transfermarkt.com/yves-vanderhaeghe/profil/trainer/6744
Oleksandr Kucher,,N/A,N/A,Oleksandr Kucher,https://www.transfermarkt.com/oleksandr-kucher/profil/trainer/82304
Luiz Fernando Iubel,,N/A,N/A,Luiz Fernando Iubel,https://www.transfermarkt.com/luiz-fernando-iubel/profil/trainer/93103
Neil Lennon,,N/A,N/A,Neil Lennon,https://www.transfermarkt.com/neil-lennon/profil/trainer/6266
Jorge Simão,,N/A,N/A,Jorge Simão,https://www.transfermarkt.com/jorge-simao/profil/trainer/34559
Sergen Yalçın,,N/A,N/A,Sergen Yalçın,https://www.transfermarkt.com/sergen-yalcin/profil/trainer/32128
Fahrudin Omerovic,,N/A,N/A,Fahrudin Omerovic,https://www.transfermarkt.com/fahrudin-omerovic/profil/trainer/1062
Torsten Lieberknecht,,N/A,N/A,Torsten Lieberknecht,https://www.transfermarkt.com/torsten-lieberknecht/profil/trainer/5236
Carlos Jara Saguier,,N/A,N/A,Carlos Jara Saguier,https://www.transfermarkt.com/carlos-jara-saguier/profil/trainer/2552
Carlos Tevez,,N/A,N/A,Carlos Tevez,https://www.transfermarkt.com/carlos-tevez/profil/trainer/104899
Juan Ramón López Caro,,N/A,N/A,Juan Ramón López Caro,https://www.transfermarkt.com/juan-ramon-lopez-caro/profil/trainer/2765
Daniel Garnero,,N/A,N/A,Daniel Garnero,https://www.transfermarkt.com/daniel-garnero/profil/trainer/6802
Bruno Pinheiro,,N/A,N/A,Bruno Pinheiro,https://www.transfermarkt.com/bruno-pinheiro/profil/trainer/64830
Leandro Greco,,N/A,N/A,Leandro Greco,https://www.transfermarkt.com/leandro-greco/profil/trainer/95229
Grégory Dufrennes,,N/A,N/A,Grégory Dufrennes,https://www.transfermarkt.com/gregory-dufrennes/profil/trainer/97887
David Deogracia,,N/A,N/A,David Deogracia,https://www.transfermarkt.com/david-deogracia/profil/trainer/119880
Edward Sturing,,N/A,N/A,Edward Sturing,https://www.transfermarkt.com/edward-sturing/profil/trainer/597
Edward Sturing,,N/A,N/A,Edward Sturing,https://www.transfermarkt.com/edward-sturing/profil/trainer/597
Alex,,N/A,N/A,Alex,https://www.transfermarkt.com/alex/profil/trainer/91297
Álvaro Pacheco,,N/A,N/A,Álvaro Pacheco,https://www.transfermarkt.com/alvaro-pacheco/profil/trainer/38406
Shota Arveladze,,N/A,N/A,Shota Arveladze,https://www.transfermarkt.com/shota-arveladze/profil/trainer/7849
Esteban Fuertes,,N/A,N/A,Esteban Fuertes,https://www.transfermarkt.com/esteban-fuertes/profil/trainer/54035
Constantin Gâlcă,,N/A,N/A,Constantin Gâlcă,https://www.transfermarkt.com/constantin-galca/profil/trainer/31157
Alessandro Mangiarratti,,N/A,N/A,Alessandro Mangiarratti,https://www.transfermarkt.com/alessandro-mangiarratti/profil/trainer/56302
Glen De Boeck,,N/A,N/A,Glen De Boeck,https://www.transfermarkt.com/glen-de-boeck/profil/trainer/2929
Fernando Jubero,,N/A,N/A,Fernando Jubero,https://www.transfermarkt.com/fernando-jubero/profil/trainer/30482
Phillip Cocu,,N/A,N/A,Phillip Cocu,https://www.transfermarkt.com/phillip-cocu/profil/trainer/6405
Alain Geiger,,N/A,N/A,Alain Geiger,https://www.transfermarkt.com/alain-geiger/profil/trainer/538
António Folha,,N/A,N/A,António Folha,https://www.transfermarkt.com/antonio-folha/profil/trainer/29823
José Luis Sánchez,,N/A,N/A,José Luis Sánchez,https://www.transfermarkt.com/jose-luis-sanchez/profil/trainer/5103
Ricardo Carbajal,,N/A,N/A,Ricardo Carbajal,https://www.transfermarkt.com/ricardo-carbajal/profil/trainer/16866
Julio César Falcioni,,N/A,N/A,Julio César Falcioni,https://www.transfermarkt.com/julio-cesar-falcioni/profil/trainer/5163
Gabriel Caballero,,N/A,N/A,Gabriel Caballero,https://www.transfermarkt.com/gabriel-caballero/profil/trainer/12169
Marco Paiva,,N/A,N/A,Marco Paiva,https://www.transfermarkt.com/marco-paiva/profil/trainer/88342
Giuseppe Iachini,,N/A,N/A,Giuseppe Iachini,https://www.transfermarkt.com/giuseppe-iachini/profil/trainer/2132
Magomed Adiev,,N/A,N/A,Magomed Adiev,https://www.transfermarkt.com/magomed-adiev/profil/trainer/17565
Zoran Mirkovic,,N/A,N/A,Zoran Mirkovic,https://www.transfermarkt.com/zoran-mirkovic/profil/trainer/41753
Giovanni Martusciello,,N/A,N/A,Giovanni Martusciello,https://www.transfermarkt.com/giovanni-martusciello/profil/trainer/18589
Stefano Colantuono,,N/A,N/A,Stefano Colantuono,https://www.transfermarkt.com/stefano-colantuono/profil/trainer/2127
Steven Defour,,N/A,N/A,Steven Defour,https://www.transfermarkt.com/steven-defour/profil/trainer/94448
Joaquín Caparrós,,N/A,N/A,Joaquín Caparrós,https://www.transfermarkt.com/joaquin-caparros/profil/trainer/1550
Luci Martín,,N/A,N/A,Luci Martín,https://www.transfermarkt.com/luci-martin/profil/trainer/4803
Volkan Demirel,,N/A,N/A,Volkan Demirel,https://www.transfermarkt.com/volkan-demirel/profil/trainer/72485
Pasquale Marino,,N/A,N/A,Pasquale Marino,https://www.transfermarkt.com/pasquale-marino/profil/trainer/3776
Dimitrios Grammozis,,N/A,N/A,Dimitrios Grammozis,https://www.transfermarkt.com/dimitrios-grammozis/profil/trainer/33411
Marco Schällibaum,,N/A,N/A,Marco Schällibaum,https://www.transfermarkt.com/marco-schallibaum/profil/trainer/536
José Guadalupe Cruz,,N/A,N/A,José Guadalupe Cruz,https://www.transfermarkt.com/jose-guadalupe-cruz/profil/trainer/5091
Fatih Tekke,,N/A,N/A,Fatih Tekke,https://www.transfermarkt.com/fatih-tekke/profil/trainer/29046
Aleksandr Tochilin,,N/A,N/A,Aleksandr Tochilin,https://www.transfermarkt.com/aleksandr-tochilin/profil/trainer/35091
Youssef Manai,,N/A,N/A,Youssef Manai,https://www.transfermarkt.com/youssef-manai/profil/trainer/93267
Miguel Ángel Lotina,,N/A,N/A,Miguel Ángel Lotina,https://www.transfermarkt.com/miguel-angel-lotina/profil/trainer/630
Altin Lala,,N/A,N/A,Altin Lala,https://www.transfermarkt.com/altin-lala/profil/trainer/34246
Estephano Neto,,N/A,N/A,Estephano Neto,https://www.transfermarkt.com/estephano-neto/profil/trainer/132406
Rubén Romano,,N/A,N/A,Rubén Romano,https://www.transfermarkt.com/ruben-romano/profil/trainer/5102
David Guion,,N/A,N/A,David Guion,https://www.transfermarkt.com/david-guion/profil/trainer/5753
Germán Burgos,,N/A,N/A,Germán Burgos,https://www.transfermarkt.com/german-burgos/profil/trainer/18569
Ali Çamdalı,,N/A,N/A,Ali Çamdalı,https://www.transfermarkt.com/ali-camdali/profil/trainer/119905
Gustavo Munúa,,N/A,N/A,Gustavo Munúa,https://www.transfermarkt.com/gustavo-munua/profil/trainer/40987
Bülent Uygun,,N/A,N/A,Bülent Uygun,https://www.transfermarkt.com/bulent-uygun/profil/trainer/5014
Pablo Repetto,,N/A,N/A,Pablo Repetto,https://www.transfermarkt.com/pablo-repetto/profil/trainer/15809
Stéphane Moulin,,N/A,N/A,Stéphane Moulin,https://www.transfermarkt.com/stephane-moulin/profil/trainer/19460
Serse Cosmi,,N/A,N/A,Serse Cosmi,https://www.transfermarkt.com/serse-cosmi/profil/trainer/520
Álvaro Recoba,,N/A,N/A,Álvaro Recoba,https://www.transfermarkt.com/alvaro-recoba/profil/trainer/87685
Baltemar Brito,,N/A,N/A,Baltemar Brito,https://www.transfermarkt.com/baltemar-brito/profil/trainer/1689
Baciro Candé,,N/A,N/A,Baciro Candé,https://www.transfermarkt.com/baciro-cande/profil/trainer/51307
Patrice Garande,,N/A,N/A,Patrice Garande,https://www.transfermarkt.com/patrice-garande/profil/trainer/5747
Aitor Karanka,,N/A,N/A,Aitor Karanka,https://www.transfermarkt.com/aitor-karanka/profil/trainer/7616
Leonardo Madelón,,N/A,N/A,Leonardo Madelón,https://www.transfermarkt.com/leonardo-madelon/profil/trainer/7837
Bruno Baltazar,,N/A,N/A,Bruno Baltazar,https://www.transfermarkt.com/bruno-baltazar/profil/trainer/31342
Paul Warne,,N/A,N/A,Paul Warne,https://www.transfermarkt.com/paul-warne/profil/trainer/50470
Adrian Iencsi,,N/A,N/A,Adrian Iencsi,https://www.transfermarkt.com/adrian-iencsi/profil/trainer/31111
Cristiano Bergodi,,N/A,N/A,Cristiano Bergodi,https://www.transfermarkt.com/cristiano-bergodi/profil/trainer/4790
Karel Geraerts,,N/A,N/A,Karel Geraerts,https://www.transfermarkt.com/karel-geraerts/profil/trainer/54653
Tolunay Kafkas,,N/A,N/A,Tolunay Kafkas,https://www.transfermarkt.com/tolunay-kafkas/profil/trainer/5006
Ivaylo Petev,,N/A,N/A,Ivaylo Petev,https://www.transfermarkt.com/ivaylo-petev/profil/trainer/21500
Jaime Pacheco,,N/A,N/A,Jaime Pacheco,https://www.transfermarkt.com/jaime-pacheco/profil/trainer/1037
Christos Kontis,,N/A,N/A,Christos Kontis,https://www.transfermarkt.com/christos-kontis/profil/trainer/44377
Sinan Kaloğlu,,N/A,N/A,Sinan Kaloğlu,https://www.transfermarkt.com/sinan-kaloglu/profil/trainer/84667
Milan Lesnjak,,N/A,N/A,Milan Lesnjak,https://www.transfermarkt.com/milan-lesnjak/profil/trainer/22897
José Gavica,,N/A,N/A,José Gavica,https://www.transfermarkt.com/jose-gavica/profil/trainer/69286
Rıza Çalımbay,,N/A,N/A,Rıza Çalımbay,https://www.transfermarkt.com/riza-calimbay/profil/trainer/789
Mischa Visser,,N/A,N/A,Mischa Visser,https://www.transfermarkt.com/mischa-visser/profil/trainer/35427
Walter Guerrero,,N/A,N/A,Walter Guerrero,https://www.transfermarkt.com/walter-guerrero/profil/trainer/30540
Gert Verheyen,,N/A,N/A,Gert Verheyen,https://www.transfermarkt.com/gert-verheyen/profil/trainer/3628
Lúcio Antunes,,N/A,N/A,Lúcio Antunes,https://www.transfermarkt.com/lucio-antunes/profil/trainer/15885
Thierry Siquet,,N/A,N/A,Thierry Siquet,https://www.transfermarkt.com/thierry-siquet/profil/trainer/5593
Gérard Prêcheur,,N/A,N/A,Gérard Prêcheur,https://www.transfermarkt.com/gerard-precheur/profil/trainer/136418
Patrice Sauvaget,,N/A,N/A,Patrice Sauvaget,https://www.transfermarkt.com/patrice-sauvaget/profil/trainer/12798
Nicolas Seube,,N/A,N/A,Nicolas Seube,https://www.transfermarkt.com/nicolas-seube/profil/trainer/101371
Bolo,,N/A,N/A,Bolo,https://www.transfermarkt.com/bolo/profil/trainer/10642
Atsuhiro Miura,,N/A,N/A,Atsuhiro Miura,https://www.transfermarkt.com/atsuhiro-miura/profil/trainer/84195
Jorginho,,N/A,N/A,Jorginho,https://www.transfermarkt.com/jorginho/profil/trainer/3622
Steven Naismith,,N/A,N/A,Steven Naismith,https://www.transfermarkt.com/steven-naismith/profil/trainer/93323
Wesley Sonck,,N/A,N/A,Wesley Sonck,https://www.transfermarkt.com/wesley-sonck/profil/trainer/55314
Ignacio Sánchez,,N/A,N/A,Ignacio Sánchez,https://www.transfermarkt.com/ignacio-sanchez/profil/trainer/57250
Ivan Tomic,,N/A,N/A,Ivan Tomic,https://www.transfermarkt.com/ivan-tomic/profil/trainer/5966
William,,N/A,N/A,William,https://www.transfermarkt.com/william/profil/trainer/48931
Julio Comesaña,,N/A,N/A,Julio Comesaña,https://www.transfermarkt.com/julio-comesana/profil/trainer/10787
Alexander Zorniger,,N/A,N/A,Alexander Zorniger,https://www.transfermarkt.com/alexander-zorniger/profil/trainer/1145
Nélson,,N/A,N/A,Nélson,https://www.transfermarkt.com/nelson/profil/trainer/19952
Yuri Utkulbaev,,N/A,N/A,Yuri Utkulbaev,https://www.transfermarkt.com/yuri-utkulbaev/profil/trainer/44094
Mauro Gerk,,N/A,N/A,Mauro Gerk,https://www.transfermarkt.com/mauro-gerk/profil/trainer/79821
Adam Nawalka,,N/A,N/A,Adam Nawalka,https://www.transfermarkt.com/adam-nawalka/profil/trainer/4119
Amadou Pathe Diallo,,N/A,N/A,Amadou Pathe Diallo,https://www.transfermarkt.com/amadou-pathe-diallo/profil/trainer/24403
Kamal Akhlaf,,N/A,N/A,Kamal Akhlaf,https://www.transfermarkt.com/kamal-akhlaf/profil/trainer/49911
Rui Águas,,N/A,N/A,Rui Águas,https://www.transfermarkt.com/rui-aguas/profil/trainer/2688
Diego Gavilán,,N/A,N/A,Diego Gavilán,https://www.transfermarkt.com/diego-gavilan/profil/trainer/51327
Efraín Juárez,,N/A,N/A,Efraín Juárez,https://www.transfermarkt.com/efrain-juarez/profil/trainer/77564
Jesualdo Ferreira,,N/A,N/A,Jesualdo Ferreira,https://www.transfermarkt.com/jesualdo-ferreira/profil/trainer/1572
Daniel Ramos,,N/A,N/A,Daniel Ramos,https://www.transfermarkt.com/daniel-ramos/profil/trainer/7561
Des Buckingham,,N/A,N/A,Des Buckingham,https://www.transfermarkt.com/des-buckingham/profil/trainer/51006
Mariano Soso,,N/A,N/A,Mariano Soso,https://www.transfermarkt.com/mariano-soso/profil/trainer/38746
José Carlos Granero,,N/A,N/A,José Carlos Granero,https://www.transfermarkt.com/jose-carlos-granero/profil/trainer/6448
Paulo Sérgio,,N/A,N/A,Paulo Sérgio,https://www.transfermarkt.com/paulo-sergio/profil/trainer/5628
Tayfur Havutçu,,N/A,N/A,Tayfur Havutçu,https://www.transfermarkt.com/tayfur-havutcu/profil/trainer/7877
Joseba Etxeberria,,N/A,N/A,Joseba Etxeberria,https://www.transfermarkt.com/joseba-etxeberria/profil/trainer/36786
Pierpaolo Bisoli,,N/A,N/A,Pierpaolo Bisoli,https://www.transfermarkt.com/pierpaolo-bisoli/profil/trainer/2238
Sasa Ilic,,N/A,N/A,Sasa Ilic,https://www.transfermarkt.com/sasa-ilic/profil/trainer/71972
Arturo Reyes,,N/A,N/A,Arturo Reyes,https://www.transfermarkt.com/arturo-reyes/profil/trainer/27311
Sebastián Romero,,N/A,N/A,Sebastián Romero,https://www.transfermarkt.com/sebastian-romero/profil/trainer/111794
Goran Tomic,,N/A,N/A,Goran Tomic,https://www.transfermarkt.com/goran-tomic/profil/trainer/20830
Sergey Yuran,,N/A,N/A,Sergey Yuran,https://www.transfermarkt.com/sergey-yuran/profil/trainer/2835
Goran Stanić,,N/A,N/A,Goran Stanić,https://www.transfermarkt.com/goran-stanic/profil/trainer/128253
Massimo Ficcadenti,,N/A,N/A,Massimo Ficcadenti,https://www.transfermarkt.com/massimo-ficcadenti/profil/trainer/2128
Imanol Idiakez,,N/A,N/A,Imanol Idiakez,https://www.transfermarkt.com/imanol-idiakez/profil/trainer/20198
Roberto Venturato,,N/A,N/A,Roberto Venturato,https://www.transfermarkt.com/roberto-venturato/profil/trainer/12121
Cláudio Tencati,,N/A,N/A,Cláudio Tencati,https://www.transfermarkt.com/claudio-tencati/profil/trainer/38445
Pascal Dupraz,,N/A,N/A,Pascal Dupraz,https://www.transfermarkt.com/pascal-dupraz/profil/trainer/8872
Tomislav Stipic,,N/A,N/A,Tomislav Stipic,https://www.transfermarkt.com/tomislav-stipic/profil/trainer/29973
Patrick Gabriel,,N/A,N/A,Patrick Gabriel,https://www.transfermarkt.com/patrick-gabriel/profil/trainer/27415
Alain Casanova,,N/A,N/A,Alain Casanova,https://www.transfermarkt.com/alain-casanova/profil/trainer/5034
Mehmed Bazdarevic,,N/A,N/A,Mehmed Bazdarevic,https://www.transfermarkt.com/mehmed-bazdarevic/profil/trainer/1461
Salem Rabie,,N/A,N/A,Salem Rabie,https://www.transfermarkt.com/salem-rabie/profil/trainer/86382
Pedro Morilla,,N/A,N/A,Pedro Morilla,https://www.transfermarkt.com/pedro-morilla/profil/trainer/6464
Bruno Berner,,N/A,N/A,Bruno Berner,https://www.transfermarkt.com/bruno-berner/profil/trainer/26972
Alberto Gamero,,N/A,N/A,Alberto Gamero,https://www.transfermarkt.com/alberto-gamero/profil/trainer/9496
Valdas Dambrauskas,,N/A,N/A,Valdas Dambrauskas,https://www.transfermarkt.com/valdas-dambrauskas/profil/trainer/19743
Paulo Duarte,,N/A,N/A,Paulo Duarte,https://www.transfermarkt.com/paulo-duarte/profil/trainer/4361
Lluís Carreras,,N/A,N/A,Lluís Carreras,https://www.transfermarkt.com/lluis-carreras/profil/trainer/19429
Jean-Marc Furlan,,N/A,N/A,Jean-Marc Furlan,https://www.transfermarkt.com/jean-marc-furlan/profil/trainer/2680
Kim Bergstrand,,N/A,N/A,Kim Bergstrand,https://www.transfermarkt.com/kim-bergstrand/profil/trainer/16050
Ricardo Calle,,N/A,N/A,Ricardo Calle,https://www.transfermarkt.com/ricardo-calle/profil/trainer/68952
Borja Lema,,N/A,N/A,Borja Lema,https://www.transfermarkt.com/borja-lema/profil/trainer/110648
Michael Valkanis,,N/A,N/A,Michael Valkanis,https://www.transfermarkt.com/michael-valkanis/profil/trainer/20119
Maik Walpurgis,,N/A,N/A,Maik Walpurgis,https://www.transfermarkt.com/maik-walpurgis/profil/trainer/775
Stamen Belchev,,N/A,N/A,Stamen Belchev,https://www.transfermarkt.com/stamen-belchev/profil/trainer/41561
Valeriu Bordeanu,,N/A,N/A,Valeriu Bordeanu,https://www.transfermarkt.com/valeriu-bordeanu/profil/trainer/32351
René Aufhauser,,N/A,N/A,René Aufhauser,https://www.transfermarkt.com/rene-aufhauser/profil/trainer/35460
Sergey Ignashevich,,N/A,N/A,Sergey Ignashevich,https://www.transfermarkt.com/sergey-ignashevich/profil/trainer/62001
Álex Aguinaga,,N/A,N/A,Álex Aguinaga,https://www.transfermarkt.com/alex-aguinaga/profil/trainer/15184
Lisca,,N/A,N/A,Lisca,https://www.transfermarkt.com/lisca/profil/trainer/37824
Moacir Pereira,,N/A,N/A,Moacir Pereira,https://www.transfermarkt.com/moacir-pereira/profil/trainer/22347
Nikolay Kostov,,N/A,N/A,Nikolay Kostov,https://www.transfermarkt.com/nikolay-kostov/profil/trainer/6265
Bozidar Bandovic,,N/A,N/A,Bozidar Bandovic,https://www.transfermarkt.com/bozidar-bandovic/profil/trainer/9287
Álvaro Gutiérrez,,N/A,N/A,Álvaro Gutiérrez,https://www.transfermarkt.com/alvaro-gutierrez/profil/trainer/34987
Giannis Ioannou,,N/A,N/A,Giannis Ioannou,https://www.transfermarkt.com/giannis-ioannou/profil/trainer/50085
Alberto López,,N/A,N/A,Alberto López,https://www.transfermarkt.com/alberto-lopez/profil/trainer/32662
Vítor Campelos,,N/A,N/A,Vítor Campelos,https://www.transfermarkt.com/vitor-campelos/profil/trainer/38447
Harry Kewell,,N/A,N/A,Harry Kewell,https://www.transfermarkt.com/harry-kewell/profil/trainer/49141
Fabian Müller,,N/A,N/A,Fabian Müller,https://www.transfermarkt.com/fabian-muller/profil/trainer/6403
Weiguo Peng,,N/A,N/A,Weiguo Peng,https://www.transfermarkt.com/weiguo-peng/profil/trainer/13222
Carlos Asprilla,,N/A,N/A,Carlos Asprilla,https://www.transfermarkt.com/carlos-asprilla/profil/trainer/61262
Stanislav Cherchesov,,N/A,N/A,Stanislav Cherchesov,https://www.transfermarkt.com/stanislav-cherchesov/profil/trainer/2073
Levir Culpi,,N/A,N/A,Levir Culpi,https://www.transfermarkt.com/levir-culpi/profil/trainer/7592
Paul Lambert,,N/A,N/A,Paul Lambert,https://www.transfermarkt.com/paul-lambert/profil/trainer/2460
Talgat Baysufinov,,N/A,N/A,Talgat Baysufinov,https://www.transfermarkt.com/talgat-baysufinov/profil/trainer/19929
Andrea Mandorlini,,N/A,N/A,Andrea Mandorlini,https://www.transfermarkt.com/andrea-mandorlini/profil/trainer/1294
Miroslav Djukic,,N/A,N/A,Miroslav Djukic,https://www.transfermarkt.com/miroslav-djukic/profil/trainer/3778
Michael Schiele,,N/A,N/A,Michael Schiele,https://www.transfermarkt.com/michael-schiele/profil/trainer/15390
Asier Garitano,,N/A,N/A,Asier Garitano,https://www.transfermarkt.com/asier-garitano/profil/trainer/7921
Markus Kauczinski,,N/A,N/A,Markus Kauczinski,https://www.transfermarkt.com/markus-kauczinski/profil/trainer/6086
Trond Sollied,,N/A,N/A,Trond Sollied,https://www.transfermarkt.com/trond-sollied/profil/trainer/1097
Jorge Leitão,,N/A,N/A,Jorge Leitão,https://www.transfermarkt.com/jorge-leitao/profil/trainer/52601
Rémi Garde,,N/A,N/A,Rémi Garde,https://www.transfermarkt.com/remi-garde/profil/trainer/3736
Stanislav Genchev,,N/A,N/A,Stanislav Genchev,https://www.transfermarkt.com/stanislav-genchev/profil/trainer/56528
İbrahim Üzülmez,,N/A,N/A,İbrahim Üzülmez,https://www.transfermarkt.com/ibrahim-uzulmez/profil/trainer/43477
Nicolás Núñez,,N/A,N/A,Nicolás Núñez,https://www.transfermarkt.com/nicolas-nunez/profil/trainer/90539
Özhan Pulat,,N/A,N/A,Özhan Pulat,https://www.transfermarkt.com/ozhan-pulat/profil/trainer/71537
Mahdi Ali,,N/A,N/A,Mahdi Ali,https://www.transfermarkt.com/mahdi-ali/profil/trainer/11710
Hassan Benabicha,,N/A,N/A,Hassan Benabicha,https://www.transfermarkt.com/hassan-benabicha/profil/trainer/25332
Javier Clemente,,N/A,N/A,Javier Clemente,https://www.transfermarkt.com/javier-clemente/profil/trainer/2661
Nicolas Sahnoun,,N/A,N/A,Nicolas Sahnoun,https://www.transfermarkt.com/nicolas-sahnoun/profil/trainer/34245
Predrag Jokanovic,,N/A,N/A,Predrag Jokanovic,https://www.transfermarkt.com/predrag-jokanovic/profil/trainer/4441
Cuco Ziganda,,N/A,N/A,Cuco Ziganda,https://www.transfermarkt.com/cuco-ziganda/profil/trainer/3270
Nick Barmby,,N/A,N/A,Nick Barmby,https://www.transfermarkt.com/nick-barmby/profil/trainer/21790
Molefi Ntseki,,N/A,N/A,Molefi Ntseki,https://www.transfermarkt.com/molefi-ntseki/profil/trainer/41896
Juvenal Olmos,,N/A,N/A,Juvenal Olmos,https://www.transfermarkt.com/juvenal-olmos/profil/trainer/15820
Maciej Kedziorek,,N/A,N/A,Maciej Kedziorek,https://www.transfermarkt.com/maciej-kedziorek/profil/trainer/57322
Francis Gillot,,N/A,N/A,Francis Gillot,https://www.transfermarkt.com/francis-gillot/profil/trainer/2046
Facundo Sava,,N/A,N/A,Facundo Sava,https://www.transfermarkt.com/facundo-sava/profil/trainer/23781
Takis Gonias,,N/A,N/A,Takis Gonias,https://www.transfermarkt.com/takis-gonias/profil/trainer/30823
Kresimir Rezic,,N/A,N/A,Kresimir Rezic,https://www.transfermarkt.com/kresimir-rezic/profil/trainer/72035
Bobby Williamson,,N/A,N/A,Bobby Williamson,https://www.transfermarkt.com/bobby-williamson/profil/trainer/660
Cristian Brocchi,,N/A,N/A,Cristian Brocchi,https://www.transfermarkt.com/cristian-brocchi/profil/trainer/35229
Dominik Thalhammer,,N/A,N/A,Dominik Thalhammer,https://www.transfermarkt.com/dominik-thalhammer/profil/trainer/1089
Wei Hao,,N/A,N/A,Wei Hao,https://www.transfermarkt.com/wei-hao/profil/trainer/14730
Borimir Perkovic,,N/A,N/A,Borimir Perkovic,https://www.transfermarkt.com/borimir-perkovic/profil/trainer/7971
Miquel Soler,,N/A,N/A,Miquel Soler,https://www.transfermarkt.com/miquel-soler/profil/trainer/28037
Benoît Cauet,,N/A,N/A,Benoît Cauet,https://www.transfermarkt.com/benoit-cauet/profil/trainer/39452
Alejandro Orfila,,N/A,N/A,Alejandro Orfila,https://www.transfermarkt.com/alejandro-orfila/profil/trainer/58917
Franklin Salas,,N/A,N/A,Franklin Salas,https://www.transfermarkt.com/franklin-salas/profil/trainer/54729
Jacozinho,,N/A,N/A,Jacozinho,https://www.transfermarkt.com/jacozinho/profil/trainer/74918
Ranko Popovic,,N/A,N/A,Ranko Popovic,https://www.transfermarkt.com/ranko-popovic/profil/trainer/5584
Safet Susic,,N/A,N/A,Safet Susic,https://www.transfermarkt.com/safet-susic/profil/trainer/2026
Do-heon Kim,,N/A,N/A,Do-heon Kim,https://www.transfermarkt.com/do-heon-kim/profil/trainer/74882
Mike Petke,,N/A,N/A,Mike Petke,https://www.transfermarkt.com/mike-petke/profil/trainer/18695
Carlos Castro,,N/A,N/A,Carlos Castro,https://www.transfermarkt.com/carlos-castro/profil/trainer/115549
Li Pang,,N/A,N/A,Li Pang,https://www.transfermarkt.com/li-pang/profil/trainer/31001
José Chamot,,N/A,N/A,José Chamot,https://www.transfermarkt.com/jose-chamot/profil/trainer/22248
Marcelo Méndez,,N/A,N/A,Marcelo Méndez,https://www.transfermarkt.com/marcelo-mendez/profil/trainer/53066
Steve Lomas,,N/A,N/A,Steve Lomas,https://www.transfermarkt.com/steve-lomas/profil/trainer/18110
Alois Schwartz,,N/A,N/A,Alois Schwartz,https://www.transfermarkt.com/alois-schwartz/profil/trainer/324
Vagner Mancini,,N/A,N/A,Vagner Mancini,https://www.transfermarkt.com/vagner-mancini/profil/trainer/5667
François Zahoui,,N/A,N/A,François Zahoui,https://www.transfermarkt.com/francois-zahoui/profil/trainer/15313
Mustafa Denizli,,N/A,N/A,Mustafa Denizli,https://www.transfermarkt.com/mustafa-denizli/profil/trainer/7875
Carlos Queiroz,,N/A,N/A,Carlos Queiroz,https://www.transfermarkt.com/carlos-queiroz/profil/trainer/552
Richard Wood,,N/A,N/A,Richard Wood,https://www.transfermarkt.com/richard-wood/profil/trainer/108796
Sebastián Botero,,N/A,N/A,Sebastián Botero,https://www.transfermarkt.com/sebastian-botero/profil/trainer/115807
Szabolcs Huszti,,N/A,N/A,Szabolcs Huszti,https://www.transfermarkt.com/szabolcs-huszti/profil/trainer/89505
David Gallego,,N/A,N/A,David Gallego,https://www.transfermarkt.com/david-gallego/profil/trainer/47220
Arif Asadov,,N/A,N/A,Arif Asadov,https://www.transfermarkt.com/arif-asadov/profil/trainer/27502
João Pedro Sousa,,N/A,N/A,João Pedro Sousa,https://www.transfermarkt.com/joao-pedro-sousa/profil/trainer/69953
Rainer Müller,,N/A,N/A,Rainer Müller,https://www.transfermarkt.com/rainer-muller/profil/trainer/48380
Igor Shalimov,,N/A,N/A,Igor Shalimov,https://www.transfermarkt.com/igor-shalimov/profil/trainer/41333
Javad Nekounam,,N/A,N/A,Javad Nekounam,https://www.transfermarkt.com/javad-nekounam/profil/trainer/48317
Christian Gross,,N/A,N/A,Christian Gross,https://www.transfermarkt.com/christian-gross/profil/trainer/532
Cavin Johnson,,N/A,N/A,Cavin Johnson,https://www.transfermarkt.com/cavin-johnson/profil/trainer/23301
Hedwiges Maduro,,N/A,N/A,Hedwiges Maduro,https://www.transfermarkt.com/hedwiges-maduro/profil/trainer/62754
Jacek Magiera,,N/A,N/A,Jacek Magiera,https://www.transfermarkt.com/jacek-magiera/profil/trainer/5483
Edison Aguirre,,N/A,N/A,Edison Aguirre,https://www.transfermarkt.com/edison-aguirre/profil/trainer/50250
Pepe Mel,,N/A,N/A,Pepe Mel,https://www.transfermarkt.com/pepe-mel/profil/trainer/6722
Gregorio Manzano,,N/A,N/A,Gregorio Manzano,https://www.transfermarkt.com/gregorio-manzano/profil/trainer/623
Andrea Stramaccioni,,N/A,N/A,Andrea Stramaccioni,https://www.transfermarkt.com/andrea-stramaccioni/profil/trainer/19857
